gene,model,graph,n_pairs,spearman_all,spearman_held_out,sensitising_share,target_in_top50_share,median_target_rank,mean_abs_target_score,empirical_p_vs_untrained
BRAF,production,original,157,0.6473930004527441,0.5427766032417195,0.7070063694267515,1.0,1.0,0.5104268789291382,0.0
BRAF,zero_shot,ablated,157,0.35912217267534535,0.28851303735024664,0.12101910828025478,1.0,1.0,0.08745548129081726,0.0
BRAF,control_seed42,original,157,0.5978547373774336,0.5120507399577167,0.6751592356687898,1.0,1.0,0.7878003120422363,0.0
BRAF,ablated_seed42,ablated,157,0.4420704668225429,0.09147286821705425,0.9617834394904459,1.0,1.0,0.2931465208530426,0.0
BRAF,untrained_x50_mean,ablated,157,-0.010545726619878648,-0.005286114968851374,0.44267515923566875,0.9759235668789811,3.04,0.0036515294713899494,
BRAF,untrained_x50_std,ablated,157,0.1739187425198413,0.2354980277616398,0.2612788294221971,0.01746900585661195,0.5699982098074287,0.0012077281988989617,
EGFR,production,original,48,0.29342162396873644,0.14869565217391303,0.1875,1.0,1.0,0.31506532430648804,0.08
EGFR,zero_shot,ablated,48,-0.28430308293530177,-0.1469565217391304,0.14583333333333334,1.0,3.0,0.04901916906237602,0.74
EGFR,control_seed42,original,48,0.2573816760746852,-0.049565217391304345,0.7291666666666666,1.0,1.0,0.4529968202114105,0.08
EGFR,ablated_seed42,ablated,48,0.3305471124620061,0.3008695652173913,0.5833333333333334,0.9166666666666666,3.0,0.03553798049688339,0.06
EGFR,untrained_x50_mean,ablated,48,-0.10440936222681271,-0.14387341216648203,0.4641666666666666,0.9704166666666666,2.96,0.004222327775787562,
EGFR,untrained_x50_std,ablated,48,0.26480917665105885,0.3158097365631728,0.2888297405871131,0.038366316038280335,1.0343093919941686,0.00185272977902019,
