model,graph,subset,n,rmse,mae,r2,pcc,scc,auc,f1
production,original,all test rows,16840,1.3034688509914698,0.9695032454944683,0.7774303010175294,0.8837232283697971,0.8425339865445218,0.9158468662239447,0.8398843930635839
production,original,non-probe drugs,16284,1.3051811143099847,0.9717244480939405,0.7809545751375546,0.8858233450663598,0.8452961392725565,0.9172506759927436,0.8400144023043687
production,original,probe drugs (BRAF+EGFR),556,1.2522825127407886,0.9044491751171152,0.5026726663039871,0.7181360960693625,0.7472316173942305,0.871784380238375,0.8364779874213837
production,original,BRAF probes,236,1.1848421175371602,0.8891740483240839,0.3962960988082229,0.6547362756389473,0.5422587610183185,0.8096757044125465,0.9278846153846154
production,original,EGFR probes,320,1.299779777417461,0.915714581126976,0.2615353880397707,0.5252307597631195,0.5681547183077961,0.7963961704084619,0.6636363636363637
zero_shot,ablated,all test rows,16840,1.3175456337935827,0.9809578912941056,0.772597069992474,0.881413811458433,0.8397477164956333,0.9147380191687873,0.8374110706229394
zero_shot,ablated,non-probe drugs,16284,1.3051859785830833,0.9717268927367733,0.7809529424158713,0.8858216862774042,0.8452957072012769,0.9172503964461622,0.8399639963996399
zero_shot,ablated,probe drugs (BRAF+EGFR),556,1.638694771453821,1.2513132519192782,0.14840356782915431,0.5446906503326493,0.619916771711458,0.8168895107110331,0.7692307692307693
zero_shot,ablated,BRAF probes,236,1.4702797450798497,1.1343231955523088,0.07038534045281886,0.4247780932512861,0.4538821456449396,0.6606858054226474,0.895
zero_shot,ablated,EGFR probes,320,1.7525621522712487,1.337593418489918,-0.34257017136191625,0.38348972184258584,0.4664873436264026,0.7749069777164598,0.5446428571428571
control_seed42,original,all test rows,16840,1.3002434707287631,0.9676792600245999,0.7785304174358245,0.8842971433938844,0.8415939917039469,0.9142408883926039,0.8395679363274587
control_seed42,original,non-probe drugs,16284,1.3047984062302767,0.9720821596958681,0.7810830142676093,0.8858399421326103,0.843397931666633,0.9151077398968656,0.8398135583220249
control_seed42,original,probe drugs (BRAF+EGFR),556,1.1589263699653507,0.838728148069694,0.5740590581661592,0.7600721677756594,0.7823841717542556,0.8865277246149176,0.8330733229329174
control_seed42,original,BRAF probes,236,1.0793953753570453,0.8051574083601983,0.49896954970956475,0.7105970287450615,0.5754358255693464,0.8608452950558213,0.9263657957244655
control_seed42,original,EGFR probes,320,1.2142475437743305,0.8634865686054468,0.35552718302490405,0.6050336667026937,0.6504625289309466,0.8239474894435386,0.6545454545454545
ablated_seed42,ablated,all test rows,16840,1.3121389569171873,0.9799593403279667,0.7744595807963226,0.8816730634610886,0.8378533661331682,0.9117172937429856,0.8368465668267873
ablated_seed42,ablated,non-probe drugs,16284,1.3158735118041687,0.9835091747781689,0.7773509152773622,0.8833294299686093,0.839967181286478,0.9127872086132987,0.8377888271424393
ablated_seed42,ablated,probe drugs (BRAF+EGFR),556,1.197608070575282,0.8759926061785169,0.5451511246139944,0.7415525925178845,0.768792987348197,0.8823832213613506,0.81
ablated_seed42,ablated,BRAF probes,236,1.1362492820600294,0.841990476286581,0.4447989757029225,0.6738053697323476,0.5376245623485053,0.823498139287613,0.9223300970873787
ablated_seed42,ablated,EGFR probes,320,1.2409178265519132,0.9010691769738198,0.3269052799258355,0.5779699684403399,0.6194562446898895,0.8244073748902546,0.5638297872340425
