epoch,train_loss,val_rmse,val_pcc,lr,seconds
1,4.882531938515037,1.4176379442214966,0.8778688311576843,0.001,4.096205711364746
2,1.688889124258764,1.3853254318237305,0.8829305768013,0.001,7.7677161693573
3,1.5972126897248142,1.365131139755249,0.8836163878440857,0.001,11.313920736312866
4,1.4985577634933307,1.342206597328186,0.8876230716705322,0.001,14.972819805145264
5,1.4260381182012298,1.3137696981430054,0.8892683386802673,0.001,18.52704119682312
6,1.3881905642119141,1.3174142837524414,0.8895083069801331,0.001,22.202332735061646
7,1.339504157268357,1.313808798789978,0.8912069201469421,0.001,25.750194549560547
8,1.3087601530789505,1.292988657951355,0.8938836455345154,0.001,29.436699390411377
9,1.2855680667759124,1.299093246459961,0.8922416567802429,0.001,33.13894701004028
10,1.2519624325705647,1.296831488609314,0.8931877613067627,0.001,36.69080305099487
11,1.2371560304155187,1.3178743124008179,0.8928541541099548,0.001,40.38285684585571
12,1.212681064781546,1.2910361289978027,0.8933426737785339,0.001,43.95462608337402
13,1.1919207109532923,1.2816929817199707,0.8948939442634583,0.001,47.67479419708252
14,1.1781504746414626,1.2852511405944824,0.8941925764083862,0.001,51.41280174255371
15,1.1562232859208224,1.2862523794174194,0.8944537043571472,0.001,54.9931902885437
16,1.1355906652177579,1.300210952758789,0.8930444717407227,0.001,58.690999269485474
17,1.1267218424018137,1.2924665212631226,0.8932424783706665,0.001,62.27138566970825
18,1.1108476377794547,1.2866899967193604,0.8939192891120911,0.001,65.97038555145264
19,1.1003790358015748,1.288312315940857,0.8943753838539124,0.0005,69.71669483184814
20,1.0532147364850428,1.2795652151107788,0.8955073952674866,0.0005,73.52871632575989
21,1.040717690011994,1.2847645282745361,0.8942502737045288,0.0005,77.30304145812988
22,1.0257976630409744,1.2842127084732056,0.8945428729057312,0.0005,80.86831784248352
23,1.0185445477175787,1.290128469467163,0.894212007522583,0.0005,84.58202338218689
24,1.0140650341990507,1.2908294200897217,0.8939690589904785,0.0005,88.12895345687866
25,1.0009373110195399,1.275415062904358,0.8957767486572266,0.0005,91.79252624511719
26,0.997925690336945,1.2911670207977295,0.8937599062919617,0.0005,95.50107860565186
27,0.9938512856052766,1.2833068370819092,0.894721269607544,0.0005,99.02494740486145
28,0.985720073611347,1.2841392755508423,0.8947302103042603,0.0005,102.68012833595276
29,0.9883737268903175,1.2867236137390137,0.8938856720924377,0.0005,106.19736862182617
30,0.9828969854561241,1.2821455001831055,0.8947608470916748,0.0005,109.83733820915222
31,0.9598467995260074,1.286460280418396,0.8938605189323425,0.00025,113.4788875579834
32,0.9457654000654729,1.284462809562683,0.8951680064201355,0.00025,117.0027813911438
33,0.9343487932635746,1.2861242294311523,0.8945795297622681,0.00025,120.65080714225769
34,0.9264532881858217,1.2851992845535278,0.8945064544677734,0.00025,124.17332720756531
35,0.9242085967010122,1.282339096069336,0.8946433663368225,0.00025,127.815425157547
36,0.915430241364888,1.2845098972320557,0.8946634531021118,0.00025,131.45254039764404
37,0.9189637689000578,1.2807185649871826,0.8951529860496521,0.000125,134.97513008117676
38,0.9008243653324487,1.2920942306518555,0.8941227793693542,0.000125,138.6251094341278
39,0.89705925264804,1.283463954925537,0.8947650790214539,0.000125,142.1556499004364
40,0.8928668294304363,1.2846051454544067,0.8950634598731995,0.000125,145.80918049812317
