fold,model,seed,n_pairs,n_matches,match,none,chance,top1,best_head
train,trained,42,989,993,0.16526775062084198,0.11921470612287521,0.12660609185695648,0.2940584088620342,0.1992022693157196
train,trained,43,989,993,0.12559132277965546,0.13657496869564056,0.12660609185695648,0.14300100704934543,0.20042496919631958
train,trained,44,989,993,0.13419906795024872,0.1840524971485138,0.12660609185695648,0.14904330312185296,0.1781993806362152
train,trained,45,989,993,0.15049615502357483,0.116929791867733,0.12660609185695648,0.21651560926485397,0.18677634000778198
train,trained,46,989,993,0.14768968522548676,0.16729696094989777,0.12660609185695648,0.2688821752265861,0.3030988574028015
train,untrained,0,989,993,0.12792383134365082,0.11277490109205246,0.12660609185695648,0.1228600201409869,0.15269804000854492
train,untrained,1,989,993,0.13668525218963623,0.11814874410629272,0.12660609185695648,0.2326283987915408,0.14979732036590576
train,untrained,2,989,993,0.13806281983852386,0.13589493930339813,0.12660609185695648,0.14501510574018128,0.1617739498615265
train,untrained,3,989,993,0.11723708361387253,0.12839923799037933,0.12660609185695648,0.04632426988922457,0.12526153028011322
train,untrained,4,989,993,0.13172633945941925,0.12498283386230469,0.12660609185695648,0.11178247734138973,0.1419731229543686
train,untrained,5,989,993,0.11581484228372574,0.1478247344493866,0.12660609185695648,0.11782477341389729,0.13278402388095856
train,untrained,6,989,993,0.1237981989979744,0.12341898679733276,0.12660609185695648,0.07653575025176233,0.13168253004550934
train,untrained,7,989,993,0.1362895369529724,0.130687415599823,0.12660609185695648,0.17623363544813697,0.18023668229579926
train,untrained,8,989,993,0.13707856833934784,0.11696518212556839,0.12660609185695648,0.2054380664652568,0.16848430037498474
train,untrained,9,989,993,0.12778720259666443,0.13318470120429993,0.12660609185695648,0.0553877139979859,0.13188892602920532
train,untrained,10,989,993,0.11979430913925171,0.11451579630374908,0.12660609185695648,0.07250755287009064,0.15441542863845825
train,untrained,11,989,993,0.114589162170887,0.14162924885749817,0.12660609185695648,0.06847935548841894,0.1378365159034729
train,untrained,12,989,993,0.11289989948272705,0.13131177425384521,0.12660609185695648,0.10876132930513595,0.13759028911590576
train,untrained,13,989,993,0.12859264016151428,0.12424859404563904,0.12660609185695648,0.11379657603222558,0.1427246630191803
train,untrained,14,989,993,0.1302759200334549,0.1452484130859375,0.12660609185695648,0.045317220543806644,0.17712505161762238
train,untrained,15,989,993,0.13706031441688538,0.11569581180810928,0.12660609185695648,0.21450151057401812,0.16280047595500946
train,untrained,16,989,993,0.11461693048477173,0.12160978466272354,0.12660609185695648,0.05840886203423968,0.1319391280412674
train,untrained,17,989,993,0.10630171746015549,0.147772878408432,0.12660609185695648,0.028197381671701913,0.12718091905117035
train,untrained,18,989,993,0.14303997159004211,0.13959157466888428,0.12660609185695648,0.32729103726082576,0.1551259607076645
train,untrained,19,989,993,0.13302432000637054,0.14331167936325073,0.12660609185695648,0.13997985901309165,0.1634473204612732
val,trained,42,213,216,0.17040616273880005,0.11498204618692398,0.12563173472881317,0.35185185185185186,0.2281373143196106
val,trained,43,213,216,0.12371397763490677,0.13362663984298706,0.12563173472881317,0.12962962962962962,0.19210807979106903
val,trained,44,213,216,0.13802364468574524,0.1773843765258789,0.12563173472881317,0.16203703703703703,0.18203504383563995
val,trained,45,213,216,0.15026229619979858,0.11617782711982727,0.12563173472881317,0.23148148148148148,0.1905445158481598
val,trained,46,213,216,0.15175434947013855,0.17741872370243073,0.12563173472881317,0.3148148148148148,0.34232887625694275
val,untrained,0,213,216,0.12151719629764557,0.11304149031639099,0.12563173472881317,0.08796296296296297,0.14700385928153992
val,untrained,1,213,216,0.13262471556663513,0.11248353123664856,0.12563173472881317,0.18981481481481483,0.1574465036392212
val,untrained,2,213,216,0.140522763133049,0.13301800191402435,0.12563173472881317,0.1527777777777778,0.17518649995326996
val,untrained,3,213,216,0.11959252506494522,0.12250026315450668,0.12563173472881317,0.06018518518518518,0.12594667077064514
val,untrained,4,213,216,0.12717610597610474,0.12417668104171753,0.12563173472881317,0.0787037037037037,0.1398683339357376
val,untrained,5,213,216,0.10788193345069885,0.15745744109153748,0.12563173472881317,0.09259259259259259,0.11973081529140472
val,untrained,6,213,216,0.12442661076784134,0.12304898351430893,0.12563173472881317,0.05092592592592592,0.13502179086208344
val,untrained,7,213,216,0.13071411848068237,0.13549110293388367,0.12563173472881317,0.14351851851851852,0.17803461849689484
val,untrained,8,213,216,0.13781264424324036,0.11353662610054016,0.12563173472881317,0.22685185185185186,0.17250436544418335
val,untrained,9,213,216,0.12705916166305542,0.1300535351037979,0.12563173472881317,0.037037037037037035,0.13684135675430298
val,untrained,10,213,216,0.11870678514242172,0.112614206969738,0.12563173472881317,0.009259259259259259,0.15538851916790009
val,untrained,11,213,216,0.11106690764427185,0.1420838087797165,0.12563173472881317,0.041666666666666664,0.13345851004123688
val,untrained,12,213,216,0.11537280678749084,0.13065509498119354,0.12563173472881317,0.125,0.14614520967006683
val,untrained,13,213,216,0.12687546014785767,0.1200057864189148,0.12563173472881317,0.1388888888888889,0.14636577665805817
val,untrained,14,213,216,0.1304432451725006,0.1441945880651474,0.12563173472881317,0.06944444444444445,0.17703717947006226
val,untrained,15,213,216,0.1375797539949417,0.11646223068237305,0.12563173472881317,0.24074074074074073,0.16538390517234802
val,untrained,16,213,216,0.11177591234445572,0.12089698761701584,0.12563173472881317,0.032407407407407406,0.1370326429605484
val,untrained,17,213,216,0.10188014060258865,0.1443967968225479,0.12563173472881317,0.0,0.12823709845542908
val,untrained,18,213,216,0.14697593450546265,0.14504015445709229,0.12563173472881317,0.36574074074074076,0.1580839902162552
val,untrained,19,213,216,0.1338181346654892,0.14360308647155762,0.12563173472881317,0.06481481481481481,0.16387750208377838
test,trained,42,211,211,0.1800796389579773,0.13585622608661652,0.14790856838226318,0.27488151658767773,0.2198113054037094
test,trained,43,211,211,0.15963833034038544,0.17074346542358398,0.14790856838226318,0.1895734597156398,0.2565513849258423
test,trained,44,211,211,0.16787679493427277,0.22775889933109283,0.14790856838226318,0.13744075829383887,0.2150200605392456
test,trained,45,211,211,0.1682342290878296,0.14553013443946838,0.14790856838226318,0.1848341232227488,0.24227368831634521
test,trained,46,211,211,0.16043132543563843,0.2066923975944519,0.14790856838226318,0.25118483412322273,0.33163899183273315
test,untrained,0,211,211,0.14697429537773132,0.13590893149375916,0.14790856838226318,0.0995260663507109,0.1744198352098465
test,untrained,1,211,211,0.153085395693779,0.13675959408283234,0.14790856838226318,0.22274881516587677,0.17802906036376953
test,untrained,2,211,211,0.16379600763320923,0.15876978635787964,0.14790856838226318,0.18009478672985782,0.2042989283800125
test,untrained,3,211,211,0.13581989705562592,0.14791376888751984,0.14790856838226318,0.03317535545023697,0.14113779366016388
test,untrained,4,211,211,0.1509171575307846,0.15194910764694214,0.14790856838226318,0.11848341232227488,0.16794979572296143
test,untrained,5,211,211,0.12808550894260406,0.16857010126113892,0.14790856838226318,0.12796208530805686,0.15222647786140442
test,untrained,6,211,211,0.15091757476329803,0.13598904013633728,0.14790856838226318,0.16113744075829384,0.1656208634376526
test,untrained,7,211,211,0.15855172276496887,0.15316686034202576,0.14790856838226318,0.1848341232227488,0.21264977753162384
test,untrained,8,211,211,0.16484756767749786,0.14064134657382965,0.14790856838226318,0.26540284360189575,0.21570801734924316
test,untrained,9,211,211,0.14834949374198914,0.15145574510097504,0.14790856838226318,0.07109004739336493,0.17401762306690216
test,untrained,10,211,211,0.13906173408031464,0.13398908078670502,0.14790856838226318,0.06635071090047394,0.18094861507415771
test,untrained,11,211,211,0.13838371634483337,0.16219857335090637,0.14790856838226318,0.15165876777251186,0.16922633349895477
test,untrained,12,211,211,0.13946318626403809,0.15510036051273346,0.14790856838226318,0.1943127962085308,0.16380558907985687
test,untrained,13,211,211,0.14712956547737122,0.1394686996936798,0.14790856838226318,0.14218009478672985,0.1845940202474594
test,untrained,14,211,211,0.15670117735862732,0.17134253680706024,0.14790856838226318,0.07109004739336493,0.21217487752437592
test,untrained,15,211,211,0.16548128426074982,0.13859836757183075,0.14790856838226318,0.26066350710900477,0.19982270896434784
test,untrained,16,211,211,0.1323988437652588,0.1438482403755188,0.14790856838226318,0.014218009478672985,0.16140320897102356
test,untrained,17,211,211,0.1207171231508255,0.16666576266288757,0.14790856838226318,0.004739336492890996,0.14795583486557007
test,untrained,18,211,211,0.1686284989118576,0.1643935590982437,0.14790856838226318,0.35071090047393366,0.18899835646152496
test,untrained,19,211,211,0.1602657437324524,0.1702175736427307,0.14790856838226318,0.1990521327014218,0.19495080411434174
