config,components,protocol,seed,fusion,head,drug_rep,omics,standardize_targets,n_pairs,mean_only_rmse,per_drug_mean_rmse,gain_over_drug_lookup,leak_test_cell_lines,leak_also_in_train,leak_test_rows_with_seen_cell_line_pct,leak_mean_train_rows_per_test_cell_line,val_rmse,val_mae,val_r2,val_pcc,val_scc,val_auc,val_f1,test_rmse,test_mae,test_r2,test_pcc,test_scc,test_auc,test_f1,params,best_epoch,max_epochs,fit_seconds
base,none,grouped,42,concat,mlp,fingerprint,GE+Mut_CNV,False,111799,2.7689719200134277,1.4888966064534435,0.17483365345814317,80,0,0.0,0.0,1.2944287061691284,0.9889820218086243,0.7963633513189383,0.893262375888676,0.850633505855909,0.9160091725628523,0.8283111422564822,1.3140629529953003,0.9912151098251343,0.7737976918308558,0.8816773941632317,0.8405462173021895,0.913845064910161,0.8300104931794333,3184257,122,200,575.62424577
base+pair_features,pair_features,grouped,42,concat,mlp,fingerprint,GE+Mut_CNV,False,111799,2.7689719200134277,1.4888966064534435,0.18742561150410264,80,0,0.0,0.0,1.2836886644363403,0.9809780716896057,0.7997285411012989,0.8955537234812441,0.854525113743504,0.9186448127056586,0.8333621136245899,1.3014709949493408,0.9830904006958008,0.7781120628881893,0.8845220528366673,0.8434128098960156,0.9146037036182758,0.8309579439252337,3186817,99,200,586.8135290139999
base,none,grouped,43,concat,mlp,fingerprint,GE+Mut_CNV,False,111799,2.7689719200134277,1.4888966064534435,0.15417623329975694,80,0,0.0,0.0,1.3014193773269653,0.9973019361495972,0.7941579090718396,0.8919174967135145,0.8469407536871028,0.9144823475660132,0.8312029217073728,1.3347203731536865,0.9971962571144104,0.7666298481883486,0.8766691286077813,0.8332833409707777,0.9121639899380148,0.8364819359625593,3184257,111,200,555.894892626
base+pair_features,pair_features,grouped,43,concat,mlp,fingerprint,GE+Mut_CNV,False,111799,2.7689719200134277,1.4888966064534435,0.14911579895832627,80,0,0.0,0.0,1.2877203226089478,0.9784988164901733,0.7984686198235558,0.8939207271555719,0.8545959128688634,0.9189891249741621,0.8329600918748206,1.3397808074951172,1.0048116445541382,0.7648569245074326,0.8759388276855823,0.8337381565696584,0.9113895784983409,0.8327880144653005,3186817,120,200,589.5272204809999
base,none,grouped,44,concat,mlp,fingerprint,GE+Mut_CNV,False,111799,2.7689719200134277,1.4888966064534435,0.16808056641438096,80,0,0.0,0.0,1.288541555404663,0.9848180413246155,0.7982114518479633,0.8947133717315922,0.8529465913187605,0.9170042404372755,0.8315242494226328,1.3208160400390625,0.9962849020957947,0.771466763093603,0.880606089133045,0.8391110843960051,0.9133733528236808,0.8330154326339518,3184257,72,200,572.83779095
base+pair_features,pair_features,grouped,44,concat,mlp,fingerprint,GE+Mut_CNV,False,111799,2.7689719200134277,1.4888966064534435,0.16585790921070664,80,0,0.0,0.0,1.2973319292068481,0.9952637553215027,0.7954488969768588,0.892919387331029,0.8501346030242526,0.9162242715699385,0.8283435440989481,1.3230386972427368,0.9982091188430786,0.7706969631592382,0.8799970532558495,0.8381305020041092,0.9132760452459178,0.8309671437677464,3186817,80,200,597.6839260620004
base,none,grouped,45,concat,mlp,fingerprint,GE+Mut_CNV,False,111799,2.7689719200134277,1.4888966064534435,0.1482564191899547,80,0,0.0,0.0,1.3026866912841797,0.9951826333999634,0.7937568297158948,0.8921807182682174,0.8506780280406985,0.9153170561371282,0.8315276583548294,1.3406401872634888,1.013810396194458,0.7645551699828619,0.8756195477782193,0.8314503617403134,0.9091511226114487,0.8281069863961263,3184257,22,200,573.3652091940003
base+pair_features,pair_features,grouped,45,concat,mlp,fingerprint,GE+Mut_CNV,False,111799,2.7689719200134277,1.4888966064534435,0.1547414045415172,80,0,0.0,0.0,1.292886734008789,0.9841672778129578,0.7968482268272887,0.8936376188460566,0.8535796966555532,0.9184692282323885,0.8273343151693667,1.3341552019119263,0.9977399706840515,0.7668274373123625,0.8791528159515805,0.8362786504596038,0.9121806742656181,0.8295248670445912,3186817,89,200,611.3170144099995
base,none,grouped,46,concat,mlp,fingerprint,GE+Mut_CNV,False,111799,2.7689719200134277,1.4888966064534435,0.1732895355305919,80,0,0.0,0.0,1.2936346530914307,0.9899579882621765,0.7966131198636418,0.8937742412851708,0.8537330142668054,0.9178104519855267,0.8318850654617078,1.3156070709228516,0.9908007979393005,0.7732657433179779,0.8821107733890577,0.8417828632273828,0.9147530287036578,0.8336629056647668,3184257,67,200,601.082677163
base+pair_features,pair_features,grouped,46,concat,mlp,fingerprint,GE+Mut_CNV,False,111799,2.7689719200134277,1.4888966064534435,0.17914175797321885,80,0,0.0,0.0,1.2888845205307007,0.9849225878715515,0.798104057139531,0.8938635828629924,0.8526818707970993,0.9178102579917091,0.8312586445366529,1.3097548484802246,0.982624351978302,0.7752784175853561,0.8823010950195982,0.8386499267579197,0.9142510926149923,0.8350735506201327,3186817,64,200,576.6351554710009
