config,seed,fold,subset,n_pairs,rmse,mean_error,per_drug_mean_rmse
base,42,val,all,17291,1.2944287061691284,-0.05296315997838974,1.536141158433522
base,43,val,all,17291,1.3014193773269653,0.008810571394860744,1.536141158433522
base,44,val,all,17291,1.288541555404663,-0.026382585987448692,1.536141158433522
base,45,val,all,17291,1.3026866912841797,0.019777970388531685,1.536141158433522
base,46,val,all,17291,1.2936346530914307,-0.06198938190937042,1.536141158433522
base+pair_attention,42,val,all,17291,1.303948163986206,-0.03682834655046463,1.536141158433522
base+pair_attention,43,val,all,17291,1.342786431312561,-0.058328986167907715,1.536141158433522
base+pair_attention,44,val,all,17291,1.3731334209442139,-0.03891689330339432,1.536141158433522
base+pair_attention,45,val,all,17291,1.3612675666809082,0.057527415454387665,1.536141158433522
base+pair_attention,46,val,all,17291,1.3592134714126587,-0.05026426538825035,1.536141158433522
base,42,val,has_target,12339,1.2599056959152222,-0.06219515576958656,1.5159659831620202
base,43,val,has_target,12339,1.2707070112228394,0.018976449966430664,1.5159659831620202
base,44,val,has_target,12339,1.2562490701675415,-0.0318741537630558,1.5159659831620202
base,45,val,has_target,12339,1.2783087491989136,0.003709442913532257,1.5159659831620202
base,46,val,has_target,12339,1.2631237506866455,-0.06368279457092285,1.5159659831620202
base+pair_attention,42,val,has_target,12339,1.2890957593917847,-0.06789290904998779,1.5159659831620202
base+pair_attention,43,val,has_target,12339,1.321300745010376,-0.06783787161111832,1.5159659831620202
base+pair_attention,44,val,has_target,12339,1.357818603515625,-0.09499923139810562,1.5159659831620202
base+pair_attention,45,val,has_target,12339,1.3391234874725342,0.026326486840844154,1.5159659831620202
base+pair_attention,46,val,has_target,12339,1.3322374820709229,-0.08100837469100952,1.5159659831620202
base,42,val,no_target,4952,1.3766896724700928,-0.029959602281451225,1.5852955011334222
base,43,val,no_target,4952,1.374964952468872,-0.016519950702786446,1.5852955011334222
base,44,val,no_target,4952,1.3656877279281616,-0.012699129991233349,1.5852955011334222
base,45,val,no_target,4952,1.3615323305130005,0.05981625244021416,1.5852955011334222
base,46,val,no_target,4952,1.366699457168579,-0.05776984989643097,1.5852955011334222
base+pair_attention,42,val,no_target,4952,1.340240240097046,0.04057585820555687,1.5852955011334222
base+pair_attention,43,val,no_target,4952,1.3948837518692017,-0.034635502845048904,1.5852955011334222
base+pair_attention,44,val,no_target,4952,1.410570740699768,0.10082462430000305,1.5852955011334222
base+pair_attention,45,val,no_target,4952,1.4149373769760132,0.13527140021324158,1.5852955011334222
base+pair_attention,46,val,no_target,4952,1.4242088794708252,0.026341469958424568,1.5852955011334222
base,42,val,direct_hit,213,1.4267468452453613,0.32967984676361084,1.8245580699391086
base,43,val,direct_hit,213,1.5415288209915161,0.43103548884391785,1.8245580699391086
base,44,val,direct_hit,213,1.7579865455627441,0.5394916534423828,1.8245580699391086
base,45,val,direct_hit,213,1.894107460975647,0.6445263624191284,1.8245580699391086
base,46,val,direct_hit,213,1.4458197355270386,0.32723212242126465,1.8245580699391086
base+pair_attention,42,val,direct_hit,213,1.562410593032837,0.39063718914985657,1.8245580699391086
base+pair_attention,43,val,direct_hit,213,1.7114659547805786,0.3550369143486023,1.8245580699391086
base+pair_attention,44,val,direct_hit,213,1.2906094789505005,0.08308838307857513,1.8245580699391086
base+pair_attention,45,val,direct_hit,213,1.5513213872909546,0.45983055233955383,1.8245580699391086
base+pair_attention,46,val,direct_hit,213,1.4281048774719238,0.17934052646160126,1.8245580699391086
base,42,val,hop_1,8512,1.2790019512176514,-0.06683440506458282,1.5067670042507972
base,43,val,hop_1,8512,1.2852606773376465,0.007808151189237833,1.5067670042507972
base,44,val,hop_1,8512,1.2680325508117676,-0.04203497990965843,1.5067670042507972
base,45,val,hop_1,8512,1.2929539680480957,-0.0069539654068648815,1.5067670042507972
base,46,val,hop_1,8512,1.2839092016220093,-0.07834373414516449,1.5067670042507972
base+pair_attention,42,val,hop_1,8512,1.307451844215393,-0.09690473973751068,1.5067670042507972
base+pair_attention,43,val,hop_1,8512,1.3283874988555908,-0.08774684369564056,1.5067670042507972
base+pair_attention,44,val,hop_1,8512,1.400875210762024,-0.12136327475309372,1.5067670042507972
base+pair_attention,45,val,hop_1,8512,1.3503680229187012,0.008030105382204056,1.5067670042507972
base+pair_attention,46,val,hop_1,8512,1.3348791599273682,-0.09902944415807724,1.5067670042507972
base,42,val,hop_2plus,3455,1.192613124847412,-0.05989367514848709,1.5285305837096588
base,43,val,hop_2plus,3455,1.20574951171875,0.03789990767836571,1.5285305837096588
base,44,val,hop_2plus,3455,1.1820735931396484,-0.029638146981596947,1.5285305837096588
base,45,val,hop_2plus,3455,1.1878855228424072,0.013700404204428196,1.5285305837096588
base,46,val,hop_2plus,3455,1.1847788095474243,-0.03133970499038696,1.5285305837096588
base+pair_attention,42,val,hop_2plus,3455,1.2169438600540161,-0.04588452726602554,1.5285305837096588
base+pair_attention,43,val,hop_2plus,3455,1.2751305103302002,-0.06660107523202896,1.5285305837096588
base+pair_attention,44,val,hop_2plus,3455,1.2489408254623413,-0.039526890963315964,1.5285305837096588
base+pair_attention,45,val,hop_2plus,3455,1.2982009649276733,0.05411875247955322,1.5285305837096588
base+pair_attention,46,val,hop_2plus,3455,1.3216618299484253,-0.06301530450582504,1.5285305837096588
base,42,test,all,16840,1.3140629529953003,-0.1643226146697998,1.4888966065247644
base,43,test,all,16840,1.3347203731536865,-0.12099440395832062,1.4888966065247644
base,44,test,all,16840,1.3208160400390625,-0.17371167242527008,1.4888966065247644
base,45,test,all,16840,1.3406401872634888,-0.11791782081127167,1.4888966065247644
base,46,test,all,16840,1.3156070709228516,-0.1903609335422516,1.4888966065247644
base+pair_attention,42,test,all,16840,1.3930960893630981,-0.16196322441101074,1.4888966065247644
base+pair_attention,43,test,all,16840,1.3769711256027222,-0.2113211303949356,1.4888966065247644
base+pair_attention,44,test,all,16840,1.4079077243804932,-0.23636828362941742,1.4888966065247644
base+pair_attention,45,test,all,16840,1.3743720054626465,-0.09426084160804749,1.4888966065247644
base+pair_attention,46,test,all,16840,1.3780862092971802,-0.1599118411540985,1.4888966065247644
base,42,test,has_target,12119,1.2509011030197144,-0.15189716219902039,1.4494372766577683
base,43,test,has_target,12119,1.2704062461853027,-0.09067629277706146,1.4494372766577683
base,44,test,has_target,12119,1.2546089887619019,-0.1515689194202423,1.4494372766577683
base,45,test,has_target,12119,1.288710117340088,-0.11246705800294876,1.4494372766577683
base,46,test,has_target,12119,1.251450777053833,-0.1716749519109726,1.4494372766577683
base+pair_attention,42,test,has_target,12119,1.350937008857727,-0.16672348976135254,1.4494372766577683
base+pair_attention,43,test,has_target,12119,1.3140145540237427,-0.19789190590381622,1.4494372766577683
base+pair_attention,44,test,has_target,12119,1.360494613647461,-0.26014551520347595,1.4494372766577683
base+pair_attention,45,test,has_target,12119,1.3167057037353516,-0.1223004087805748,1.4494372766577683
base+pair_attention,46,test,has_target,12119,1.3214442729949951,-0.1714755743741989,1.4494372766577683
base,42,test,no_target,4721,1.4637763500213623,-0.19621920585632324,1.5857010606428976
base,43,test,no_target,4721,1.4871371984481812,-0.1988222599029541,1.5857010606428976
base,44,test,no_target,4721,1.4772486686706543,-0.23055307567119598,1.5857010606428976
base,45,test,no_target,4721,1.4655460119247437,-0.13191016018390656,1.5857010606428976
base,46,test,no_target,4721,1.4675135612487793,-0.23832865059375763,1.5857010606428976
base+pair_attention,42,test,no_target,4721,1.4958902597427368,-0.14974340796470642,1.5857010606428976
base+pair_attention,43,test,no_target,4721,1.5267435312271118,-0.24579453468322754,1.5857010606428976
base+pair_attention,44,test,no_target,4721,1.5228757858276367,-0.17533111572265625,1.5857010606428976
base+pair_attention,45,test,no_target,4721,1.5123697519302368,-0.022282110527157784,1.5857010606428976
base+pair_attention,46,test,no_target,4721,1.5138161182403564,-0.130227193236351,1.5857010606428976
base,42,test,direct_hit,211,1.6192405223846436,0.2746025323867798,1.960918268286871
base,43,test,direct_hit,211,1.6755475997924805,0.36729469895362854,1.960918268286871
base,44,test,direct_hit,211,1.716365933418274,0.5273396968841553,1.960918268286871
base,45,test,direct_hit,211,1.922555923461914,0.6084921360015869,1.960918268286871
base,46,test,direct_hit,211,1.6448277235031128,0.24373489618301392,1.960918268286871
base+pair_attention,42,test,direct_hit,211,1.7633413076400757,0.2884339988231659,1.960918268286871
base+pair_attention,43,test,direct_hit,211,1.70418381690979,0.2671048045158386,1.960918268286871
base+pair_attention,44,test,direct_hit,211,1.4172662496566772,-0.088945671916008,1.960918268286871
base+pair_attention,45,test,direct_hit,211,1.6503472328186035,0.19373677670955658,1.960918268286871
base+pair_attention,46,test,direct_hit,211,1.546662449836731,0.13808469474315643,1.960918268286871
base,42,test,hop_1,8688,1.2824701070785522,-0.16401290893554688,1.469920547626101
base,43,test,hop_1,8688,1.304261565208435,-0.11933682858943939,1.469920547626101
base,44,test,hop_1,8688,1.2794843912124634,-0.17139458656311035,1.469920547626101
base,45,test,hop_1,8688,1.3124254941940308,-0.1366640031337738,1.469920547626101
base,46,test,hop_1,8688,1.283471941947937,-0.20135678350925446,1.469920547626101
base+pair_attention,42,test,hop_1,8688,1.387518048286438,-0.20442405343055725,1.469920547626101
base+pair_attention,43,test,hop_1,8688,1.3277028799057007,-0.20387032628059387,1.469920547626101
base+pair_attention,44,test,hop_1,8688,1.4098334312438965,-0.30980485677719116,1.469920547626101
base+pair_attention,45,test,hop_1,8688,1.3420640230178833,-0.14733493328094482,1.469920547626101
base+pair_attention,46,test,hop_1,8688,1.3478306531906128,-0.20033003389835358,1.469920547626101
base,42,test,hop_2plus,3051,1.134186029434204,-0.11608471721410751,1.3578131791825296
base,43,test,hop_2plus,3051,1.1497992277145386,-0.02190128155052662,1.3578131791825296
base,44,test,hop_2plus,3051,1.1483492851257324,-0.11396776139736176,1.3578131791825296
base,45,test,hop_2plus,3051,1.1664055585861206,-0.05876512825489044,1.3578131791825296
base,46,test,hop_2plus,3051,1.1288825273513794,-0.08827223628759384,1.3578131791825296
base+pair_attention,42,test,hop_2plus,3051,1.2073135375976562,-0.05932563543319702,1.3578131791825296
base+pair_attention,43,test,hop_2plus,3051,1.1914139986038208,-0.1339447945356369,1.3578131791825296
base+pair_attention,44,test,hop_2plus,3051,1.2085351943969727,-0.11558140814304352,1.3578131791825296
base+pair_attention,45,test,hop_2plus,3051,1.1967910528182983,-0.017959395423531532,1.3578131791825296
base+pair_attention,46,test,hop_2plus,3051,1.1942353248596191,-0.04404624179005623,1.3578131791825296
