config,baseline,fold,subset,n_pairs,n_seeds,delta_rmse,seeds_better,per_seed_delta,ci_low,ci_high,p_delta_ge_0,seed_ci_low,seed_ci_high
base+pair_attention,base,val,all,17291,5,0.051927614212036136,0,+0.0095 / +0.0414 / +0.0846 / +0.0586 / +0.0656,0.026752619117709087,0.07724716832428685,1.0,0.016766637686048816,0.08708859073802346
base+pair_attention,base,val,has_target,12339,5,0.062256360054016115,0,+0.0292 / +0.0506 / +0.1016 / +0.0608 / +0.0691,0.037924191813840706,0.0883590738522963,1.0,0.029264385952809203,0.09524833415522302
base+pair_attention,base,val,no_target,4952,5,0.02785336971282959,1,-0.0364 / +0.0199 / +0.0449 / +0.0534 / +0.0575,-0.008400761128418999,0.06277881483234059,0.9405,-0.020316897260682816,0.07602363668634199
base+pair_attention,base,val,direct_hit,213,5,-0.10445542335510254,3,+0.1357 / +0.1699 / -0.4674 / -0.3428 / -0.0177,-0.18610010227162657,-0.005045710697344117,0.0215,-0.4605479221686892,0.2516370754584841
base+pair_attention,base,val,hop_1,8512,5,0.06256067752838135,0,+0.0284 / +0.0431 / +0.1328 / +0.0574 / +0.0510,0.03301842656362801,0.09066638525840076,1.0,0.011965307546576966,0.11315604751018574
base+pair_attention,base,val,hop_2plus,3455,5,0.08155548572540283,0,+0.0243 / +0.0694 / +0.0669 / +0.1103 / +0.1369,0.046663446559686135,0.11587223188344399,1.0,0.02769350195300957,0.1354174694977961
base+pair_attention,base,test,all,16840,5,0.0609173059463501,0,+0.0790 / +0.0423 / +0.0871 / +0.0337 / +0.0625,0.025495226060878926,0.095033020585657,0.9995,0.03244546257654553,0.08938914931615467
base+pair_attention,base,test,has_target,12119,5,0.0695037841796875,0,+0.1000 / +0.0436 / +0.1059 / +0.0280 / +0.0700,0.0347731713447805,0.10366336341027747,1.0,0.02717053080236457,0.11183703755701044
base+pair_attention,base,test,no_target,4721,5,0.04209473133087158,0,+0.0321 / +0.0396 / +0.0456 / +0.0468 / +0.0463,-0.0011187540606679989,0.0883430150231176,0.973,0.034282207581704124,0.04990725508003904
base+pair_attention,base,test,direct_hit,211,5,-0.09934732913970948,3,+0.1441 / +0.0286 / -0.2991 / -0.2722 / -0.0982,-0.30643627895862663,0.10441873581459257,0.2245,-0.336103566179826,0.13740890790040705
base+pair_attention,base,test,hop_1,8688,5,0.07056710720062256,0,+0.1050 / +0.0234 / +0.1303 / +0.0296 / +0.0644,0.03708389688661228,0.10233058118442848,1.0,0.012668605096532039,0.1284656093047131
base+pair_attention,base,test,hop_2plus,3051,5,0.05413329601287842,0,+0.0731 / +0.0416 / +0.0602 / +0.0304 / +0.0654,0.014807944633165223,0.09239621357897843,0.9965,0.032236638562656274,0.07602995346310057
